Epoch,EpRet/Mean,EpRet/Std,EpRet/Min,EpRet/Max,EpLen/Mean,EpLen/Min,EpLen/Max,Values/V/Mean,Values/V/Min,Values/V/Max,Values/Adv/Mean,Values/Adv/Min,Values/Adv/Max,Loss/Pi,Loss/Value,Loss/DeltaPi,Loss/DeltaValue,Entropy,KL,Misc/StopIter,Misc/Seed,PolicyRatio,LR,Misc/RewScaleMean,Misc/RewScaleStddev,Misc/ExplorationNoiseStd,TotalEnvSteps,Time,FPS
1,-103.88217,2.647093,-129.27623,-100.22571,15.641659,2.0,72.0,-0.099929675,-0.43534556,0.25419042,-7.6913548,-11.442092,0.024654225,7.6913548,61.65921,-0.10191414,-39.871895,0.7436313,0.0015449261,80.0,37656,0.98675966,0.0003,-92.87608337402344,10.373066902160645,0.508999994180536,32000,2,11621
2,-104.31518,3.3000348,-136.42836,-100.267395,17.201086,2.0,71.0,-2.0713003,-8.591709,8.306728,-4.7942314,-17.93079,4.4384046,4.794231,37.90357,-0.13711068,-26.072975,0.7387173,0.0025494006,80.0,37656,0.98226535,0.0002985,-92.50260925292969,10.598956108093262,0.5065050014657152,64000,5,12410
3,-104.75938,3.6902206,-139.66235,-100.36373,18.788908,3.0,73.0,-6.91075,-9.878839,1.1582853,-1.2738736,-8.863893,1.2873228,1.2738736,3.124463,-0.03136917,-2.3336177,0.7337793,0.0023174682,80.0,37656,0.98889005,0.00029699999999999996,-92.0844497680664,11.060588836669922,0.504010011618452,96000,7,13682
4,-105.461845,4.702931,-149.15215,-100.35664,20.494799,3.0,85.0,-8.175038,-10.12165,-4.3406324,-0.1292278,-9.11075,1.4966984,0.12922779,0.3838458,-0.010660068,-0.14251424,0.72881675,0.0020999457,80.0,37656,0.9971139,0.00029549999999999997,-91.74913024902344,11.259882926940918,0.5015149959142412,128000,9,14226
5,-106.32179,5.2889824,-144.89897,-100.27075,23.26308,2.0,80.0,-8.317248,-9.662666,-5.9984555,0.13220313,-8.684317,1.5794283,-0.13220313,0.20567004,-0.006996596,-0.035164166,0.7238293,0.0017940057,80.0,37656,1.0010974,0.000294,-91.4071273803711,11.379371643066406,0.4990199874853069,160000,12,13798
6,-107.6935,6.3092237,-140.27612,-100.296486,27.09091,3.0,85.0,-8.215923,-9.326889,-5.9797797,0.1786475,-8.789126,1.3729652,-0.17864749,0.20415643,-0.006762636,-0.034409896,0.718817,0.0018174641,80.0,37656,1.0020158,0.00029249999999999995,-91.01441955566406,11.534039497375488,0.4965249910387956,192000,14,13992
7,-109.23363,7.802111,-146.80316,-100.185455,31.393574,2.0,87.0,-8.065986,-9.35439,-5.876345,0.20064989,-1.5430546,1.2198486,-0.20064989,0.18419848,-0.0063743764,-0.04242897,0.71377957,0.0015891112,80.0,37656,1.0024581,0.00029099999999999997,-90.50432586669922,12.065810203552246,0.49403001303756583,224000,16,14309
8,-112.28448,9.801654,-159.92561,-100.60594,37.9621,3.0,107.0,-7.89904,-9.382715,-5.5712595,0.3052459,-1.50284,1.3589022,-0.30524594,0.19115245,-0.0055047865,-0.08889189,0.7087164,0.001221502,80.0,37656,1.0071471,0.0002895,-89.95121002197266,12.741728782653809,0.4915350030951986,256000,19,14244
9,-114.201836,10.777973,-162.47856,-100.38254,41.548473,4.0,105.0,-7.5994434,-9.070377,-6.182028,0.33423743,-1.335352,1.134959,-0.3342374,0.1811806,-0.0052958066,-0.10291457,0.7036275,0.0011437614,80.0,37656,1.0089903,0.00028799999999999995,-89.57605743408203,13.032346725463867,0.48904000119877045,288000,21,14328
10,-116.42608,11.079763,-149.1808,-100.81477,45.739002,3.0,104.0,-7.268771,-8.540789,-5.978914,0.26042598,-1.3248734,1.0220801,-0.260426,0.13587211,-0.0047269505,-0.065007,0.6985127,0.0012451521,80.0,37656,1.008568,0.00028649999999999997,-89.22969818115234,13.347066879272461,0.4865449904666005,320000,23,13079
11,-119.17853,12.292329,-182.13687,-100.69091,50.89127,3.0,110.0,-6.9916162,-8.3143425,-5.036911,0.21611938,-1.8246917,0.9518186,-0.21611938,0.11483809,-0.0042528245,-0.04608783,0.69337153,0.0012254065,80.0,37656,1.0064697,0.000285,-88.84630584716797,13.827999114990234,0.4840500140318596,352000,26,14366
12,-122.38574,13.080415,-188.39,-100.75936,54.88516,3.0,107.0,-6.8015366,-8.180587,-5.2364063,0.20312296,-1.4937425,0.9326538,-0.20312294,0.09138061,-0.0037352946,-0.039656654,0.6882037,0.0011448604,80.0,37656,1.0080099,0.00028349999999999995,-88.59835815429688,14.086776733398438,0.48155500132769846,384000,28,13483
13,-123.832245,14.2174225,-204.30339,-100.177284,57.895718,2.0,147.0,-6.5752707,-7.945691,-4.63413,0.1510308,-7.183092,0.81921947,-0.15103078,0.12126161,-0.0044350987,-0.025552806,0.68300915,0.0012411135,80.0,37656,1.0047361,0.00028199999999999997,-88.37783813476562,14.320390701293945,0.4790599994846701,416000,30,14305
14,-124.97747,13.258609,-181.51624,-100.213165,61.021698,3.0,119.0,-6.4054403,-7.7020593,-4.8386607,0.14634086,-1.5771708,0.8241857,-0.14634088,0.071213365,-0.0033487023,-0.02201553,0.6777874,0.0011892569,80.0,37656,1.0055562,0.0002805,-88.12840270996094,14.590703010559082,0.4765649999128534,448000,32,14260
15,-127.42191,13.2302885,-176.91377,-101.42116,64.40167,5.0,133.0,-6.251761,-7.5589824,-4.663173,0.11790095,-7.0154595,0.7499044,-0.11790095,0.07121393,-0.0034011123,-0.013210298,0.67253816,0.0012216079,80.0,37656,1.0046146,0.00027899999999999995,-87.89488220214844,14.871773719787598,0.4740699962916369,480000,35,14333
16,-129.82437,14.916743,-204.54385,-100.73512,67.75658,7.0,123.0,-6.112547,-7.430306,-4.5445414,0.09997611,-6.746131,0.68531406,-0.09997611,0.07598969,-0.0037117405,-0.012854742,0.6672615,0.0013550353,80.0,37656,1.0047562,0.00027749999999999997,-87.72222137451172,15.08126163482666,0.47157501266664786,512000,37,13916
17,-131.43817,15.462708,-201.00757,-100.42239,69.33784,2.0,133.0,-6.0095077,-7.414342,-4.298698,0.08510693,-1.8006229,0.68333244,-0.085106924,0.04855833,-0.0030476637,-0.008340071,0.6619567,0.001342179,80.0,37656,1.0031607,0.000276,-87.56375122070312,15.33549976348877,0.46907999085743085,544000,39,14130
18,-131.90459,14.171167,-222.88536,-102.02819,70.87067,8.0,155.0,-5.899725,-7.167998,-4.274022,0.081025176,-6.535221,0.66485715,-0.08102518,0.05327492,-0.003268361,-0.007995458,0.6566235,0.0013356472,80.0,37656,1.0039065,0.0002745,-87.40077209472656,15.539682388305664,0.4665849873509768,576000,41,14308
19,-135.22786,16.254513,-215.52039,-101.57585,75.622826,10.0,159.0,-5.7924085,-7.1189227,-4.179945,0.07711516,-1.829217,0.6106155,-0.07711516,0.04510933,-0.0033300351,-0.008434907,0.65126175,0.0015385287,80.0,37656,1.002665,0.00027299999999999997,-87.23347473144531,15.812556266784668,0.46409000434407544,608000,44,14126
20,-136.17792,17.795582,-231.72896,-102.05083,75.54074,9.0,169.0,-5.6848893,-6.956389,-4.0682335,0.055765823,-2.0037591,0.6203017,-0.055765823,0.042399973,-0.0032071413,-0.0055876533,0.6458711,0.001570654,80.0,37656,1.0027791,0.0002715,-87.12042236328125,16.0285587310791,0.4615949912183419,640000,46,14298
21,-139.67415,19.274803,-289.87128,-101.05345,78.92857,5.0,167.0,-5.603043,-6.898478,-2.4403605,0.03612397,-3.8559098,0.8418143,-0.036123976,0.05105278,-0.0034250359,-0.0050396807,0.6404514,0.0014111514,80.0,37656,1.0003084,0.00027,-87.09030151367188,16.187570571899414,0.4591000102019319,672000,48,14040
22,-140.77145,20.966417,-245.7074,-102.91429,80.00525,11.0,236.0,-5.5241857,-6.982544,-2.4325874,0.033926453,-1.9537282,0.79345024,-0.03392645,0.052231032,-0.004000049,-0.004155634,0.635002,0.0017138459,80.0,37656,0.9992478,0.00026849999999999997,-87.03314208984375,16.369049072265625,0.45660498844061953,704000,51,14017
23,-143.89859,23.563099,-340.02856,-101.75449,83.77473,8.0,201.0,-5.4618874,-6.836602,-3.7320623,0.020762913,-6.1740847,0.6487217,-0.020762911,0.06675665,-0.0046003317,-0.0068258904,0.6295227,0.0017523089,80.0,37656,0.99898124,0.000267,-87.00308990478516,16.557241439819336,0.4541099923733702,736000,53,13911
24,-144.53845,31.479612,-453.46985,-100.36489,82.891304,3.0,232.0,-5.387763,-7.004997,-1.5952028,0.008717983,-3.5846372,0.7480259,-0.00871798,0.08679484,-0.005845626,-0.022406083,0.62401336,0.0019222425,80.0,37656,0.9987537,0.0002655,-86.99864196777344,16.858983993530273,0.4516150086544859,768000,55,14279
25,-150.0472,33.980778,-371.7499,-101.98521,88.15274,11.0,249.0,-5.273059,-6.9220834,-0.90109646,-0.0041792444,-4.959442,0.87899417,0.0041792477,0.11837956,-0.0068816207,-0.0386233,0.6184732,0.002085783,80.0,37656,0.9968403,0.00026399999999999997,-87.04644012451172,17.100513458251953,0.44911999991009005,800000,57,14118
26,-149.59233,37.027035,-419.50604,-100.584435,87.99712,10.0,255.0,-5.185871,-6.857561,-0.3364432,-0.0003215704,-5.6458564,0.7628246,0.0003215731,0.13154742,-0.0073101684,-0.046336688,0.61290264,0.0021114345,80.0,37656,0.9986414,0.0002625,-87.08452606201172,17.364938735961914,0.4466250119516001,832000,60,14155
27,-152.81877,38.664227,-439.92218,-101.081924,90.39577,9.0,243.0,-5.1495643,-7.149734,-2.0707834,-0.003620685,-3.2463453,1.0871811,0.003620686,0.12290291,-0.0077922307,-0.029663106,0.6073007,0.0021593496,80.0,37656,0.99720246,0.000261,-87.14775085449219,17.634511947631836,0.444130012697655,864000,62,13764
28,-156.70964,44.28577,-452.5782,-101.12714,93.32087,5.0,267.0,-5.067491,-7.2800393,-2.053568,-0.028345702,-5.6080923,1.2668824,0.028345702,0.17816575,-0.00987415,-0.06043566,0.601667,0.0023303397,80.0,37656,0.99695295,0.00025949999999999997,-87.24242401123047,17.97759437561035,0.44163499968438996,896000,64,14257
29,-162.8061,48.373875,-493.16946,-102.19309,97.6579,10.0,260.0,-5.065641,-7.902931,-2.3991191,-0.019333716,-5.5715013,1.8636847,0.019333716,0.16985807,-0.009427944,-0.048518848,0.5960015,0.0023409142,80.0,37656,0.9975516,0.000258,-87.36209106445312,18.423078536987305,0.4391399993071233,928000,67,14150
30,-169.30331,75.31421,-781.25684,-100.47824,98.660065,3.0,307.0,-5.0513487,-8.10486,-1.7271284,-0.046007544,-5.052763,2.3572874,0.04600755,0.25414532,-0.012268851,-0.12087769,0.5903038,0.0023677594,80.0,37656,0.99394286,0.00025649999999999995,-87.66215515136719,19.305618286132812,0.4366449879834974,960000,69,14255
31,-165.6053,71.58447,-759.37244,-100.6998,100.16161,9.0,306.0,-5.012382,-8.816354,-2.6111195,0.045332458,-5.05234,3.1709094,-0.04533246,0.20492312,-0.010017007,-0.0579313,0.5845733,0.0023383694,80.0,37656,1.002213,0.00025499999999999996,-87.80815887451172,20.104902267456055,0.4341499971346156,992000,71,14286
32,-172.26875,66.674355,-715.7362,-101.15234,104.072914,10.0,332.0,-4.8795624,-8.941666,-2.6656487,0.048615906,-2.54129,3.717145,-0.04861591,0.15069747,-0.008487752,-0.044842217,0.5788098,0.0020187884,80.0,37656,1.0005414,0.0002535,-87.97306060791016,20.65452003479004,0.43165500876755664,1024000,73,14106
33,-173.83737,76.26266,-755.10895,-101.68751,104.33218,9.0,361.0,-4.857451,-9.017104,-2.947436,0.059788827,-3.0513144,3.6910787,-0.059788823,0.14710486,-0.008294298,-0.04042641,0.57301325,0.0019169527,80.0,37656,1.0021765,0.00025199999999999995,-88.19645690917969,21.300880432128906,0.4291600081062228,1056000,76,14296
34,-172.66524,68.47602,-524.4725,-102.60659,106.2724,12.0,321.0,-4.774799,-9.368394,-2.514421,0.067015365,-4.944262,4.3395433,-0.067015365,0.1639983,-0.008552218,-0.044648353,0.56718254,0.0019069891,80.0,37656,1.0033183,0.00025049999999999996,-88.38268280029297,21.900402069091797,0.4266650090060376,1088000,78,13940
35,-175.23157,62.636395,-494.72507,-101.81454,107.22546,11.0,281.0,-4.665954,-9.588567,-1.956838,0.07359009,-2.7796788,4.5636396,-0.0735901,0.13168752,-0.0077620726,-0.03563121,0.56131744,0.0018603648,80.0,37656,1.002712,0.000249,-88.51188659667969,22.20680046081543,0.42417000262846627,1120000,80,14278
36,-181.69138,80.73192,-633.70355,-102.73281,111.31481,10.0,325.0,-4.5794797,-9.119429,-2.3415365,0.043122005,-2.346322,4.1900487,-0.04312201,0.1154841,-0.007483529,-0.030355308,0.555418,0.0018269087,80.0,37656,1.001572,0.00024749999999999994,-88.7367935180664,22.701589584350586,0.42167500843485783,1152000,82,14290
37,-167.40503,72.68301,-1111.562,-100.839645,101.61074,3.0,377.0,-4.380114,-7.983725,-1.6432192,0.062374707,-4.4056773,3.0310488,-0.06237471,0.11162624,-0.0068572112,-0.03408709,0.54948384,0.0017274768,80.0,37656,1.003564,0.000246,-88.83772277832031,23.051660537719727,0.4191799984699375,1184000,85,14249
38,-167.6358,68.87918,-569.37195,-101.1521,101.91467,10.0,310.0,-4.3249326,-9.278581,-2.541924,0.06148931,-1.9233602,4.534899,-0.061489314,0.09089902,-0.006363612,-0.023176713,0.5435137,0.0017839735,80.0,37656,1.0030272,0.0002445,-88.92631530761719,23.328561782836914,0.416684998176254,1216000,87,13911
39,-167.46808,75.62798,-878.35944,-102.12938,102.467575,10.0,264.0,-4.228699,-8.784014,-2.1803248,0.058934655,-3.1249335,4.038919,-0.05893466,0.103713736,-0.006655122,-0.02878087,0.5375081,0.0018838911,80.0,37656,1.003021,0.000243,-89.00746154785156,23.75972557067871,0.4141900108255301,1248000,89,14096
40,-164.27214,55.65158,-534.8336,-101.06483,102.9827,9.0,302.0,-4.1078343,-8.497813,-2.1800022,0.0644271,-2.0991707,3.0437837,-0.06442709,0.06422205,-0.0050859973,-0.014214488,0.531466,0.0016636609,80.0,37656,1.0035172,0.00024149999999999996,-89.01219940185547,23.83758544921875,0.4116949937042789,1280000,91,14287
41,-168.17166,70.63727,-667.6864,-101.28388,104.43463,7.0,292.0,-4.044119,-8.77346,-2.5023098,0.04021473,-2.103588,3.8252306,-0.040214732,0.08389337,-0.00628577,-0.024711289,0.5253873,0.001858633,80.0,37656,1.0008541,0.00023999999999999998,-89.0532455444336,24.1241397857666,0.40920000592278644,1312000,94,14015
42,-163.57776,66.26107,-843.6741,-100.90495,104.78472,10.0,311.0,-3.9019823,-8.6076145,-1.9305649,0.045481727,-2.8931696,3.0646563,-0.045481723,0.06759443,-0.0053765415,-0.02043149,0.51927143,0.0018333811,80.0,37656,1.0012617,0.0002385,-89.0430679321289,24.37194061279297,0.4067050114888296,1344000,96,14327
43,-153.6513,48.80125,-468.68967,-100.92701,95.31511,3.0,346.0,-3.7982275,-7.536016,-2.4333904,0.041831672,-1.7655089,2.477995,-0.041831672,0.058057263,-0.0052159633,-0.011232132,0.51311773,0.0018880077,80.0,37656,1.0045754,0.000237,-88.95567321777344,24.420228958129883,0.4042100027254721,1376000,98,13918
44,-159.46727,55.310688,-480.96445,-101.6542,102.14384,12.0,293.0,-3.7897315,-7.470224,-2.4054537,0.035137422,-1.5241423,2.4119816,-0.035137422,0.04718597,-0.004630684,-0.009348364,0.50692606,0.0018529131,80.0,37656,1.0009475,0.00023549999999999998,-88.91154479980469,24.49330711364746,0.4017149995065501,1408000,101,14300
45,-156.23282,46.729923,-477.27814,-100.82103,102.986206,8.0,337.0,-3.6825705,-7.7212276,-2.473097,0.03327543,-4.0066357,2.0453608,-0.03327543,0.04659589,-0.004383588,-0.0076231924,0.50069577,0.0018028682,80.0,37656,1.0024651,0.000234,-88.8104019165039,24.52598762512207,0.3992200009009028,1440000,103,14033
46,-155.92647,49.66055,-584.66693,-101.273125,101.05442,4.0,345.0,-3.6328979,-7.6358,-2.4638176,0.01959395,-1.5120788,3.0124974,-0.01959395,0.046548113,-0.004513001,-0.008081117,0.49442673,0.0019775808,80.0,37656,1.0016322,0.00023249999999999999,-88.71015930175781,24.589157104492188,0.3967250095405888,1472000,105,14331
47,-164.90778,64.580025,-578.8029,-100.515144,108.014496,10.0,401.0,-3.6345294,-7.4850883,-2.410652,0.0017440458,-4.060336,1.6610837,-0.0017440456,0.052460693,-0.0050413674,-0.014236966,0.4881177,0.0020161364,80.0,37656,1.0000495,0.00023099999999999998,-88.66236877441406,24.703210830688477,0.3942300081003883,1504000,107,14199
48,-160.61278,55.741177,-573.1015,-100.79813,105.29078,5.0,300.0,-3.6099696,-7.973688,-2.353807,0.0154882055,-1.9182235,2.129992,-0.015488207,0.04308204,-0.0043170066,-0.008155613,0.4817686,0.0019035444,80.0,37656,1.0021768,0.0002295,-88.5892333984375,24.80919075012207,0.3917350067166933,1536000,110,14141
49,-157.70552,47.88438,-478.01645,-101.120895,105.04225,9.0,283.0,-3.5676343,-8.455819,-2.2879336,0.019988913,-1.7424922,2.555243,-0.01998891,0.037468363,-0.003932909,-0.005137256,0.47537944,0.0018366108,80.0,37656,1.0014458,0.00022799999999999999,-88.4900131225586,24.84281349182129,0.3892399958191972,1568000,112,13505
50,-162.06967,64.96118,-843.0634,-100.78204,107.62816,10.0,395.0,-3.55301,-7.4167967,-2.2423944,0.00420751,-2.0590804,1.6841161,-0.004207509,0.05005804,-0.00500136,-0.013048524,0.46894878,0.0020473688,80.0,37656,0.99920076,0.00022649999999999998,-88.4317626953125,24.974899291992188,0.3867449929537323,1600000,114,13052
51,-161.9956,47.8481,-524.1912,-100.62506,114.24138,10.0,457.0,-3.4638717,-7.1446385,-2.1273184,0.020423466,-4.093971,2.0237784,-0.020423468,0.042546943,-0.004264487,-0.005434891,0.4624766,0.0020323272,80.0,37656,1.0001898,0.000225,-88.29672241210938,25.00418472290039,0.38424999620757794,1632000,117,13344
52,-164.20134,54.47913,-458.24496,-101.6835,113.47328,8.0,344.0,-3.4535425,-6.465701,-2.0613418,-0.00019937611,-3.8979073,2.2234793,0.0001993759,0.04055497,-0.0043470757,-0.005998713,0.45596218,0.0021357595,80.0,37656,0.9983455,0.00022349999999999998,-88.19771575927734,25.03634262084961,0.3817550076817971,1664000,120,11957
53,-165.04303,55.890015,-424.12933,-101.73266,118.27419,8.0,500.0,-3.421288,-6.916758,-2.130919,0.0034312778,-1.8074586,1.52409,-0.003431276,0.036016226,-0.004297061,-0.006310688,0.44940522,0.0021429579,80.0,37656,0.99921995,0.00022199999999999998,-88.0707778930664,25.10816764831543,0.3792600108593067,1696000,122,13792
54,-166.09631,51.36838,-577.4733,-100.86817,121.38618,5.0,393.0,-3.432832,-7.086986,-2.0596051,0.017746119,-3.9713519,1.3943235,-0.017746117,0.041069657,-0.0043865163,-0.006125115,0.44280475,0.0021385206,80.0,37656,1.0000191,0.00022049999999999997,-87.94388580322266,25.147174835205078,0.3767649937784258,1728000,124,14116
55,-165.33875,54.25436,-564.2737,-100.89125,121.34979,6.0,325.0,-3.3795588,-6.9732666,-2.0986145,0.01644809,-1.8138323,1.9065981,-0.016448092,0.04015924,-0.004418659,-0.009247933,0.43616062,0.002193065,80.0,37656,0.9998919,0.00021899999999999998,-87.80558776855469,25.234588623046875,0.3742699936216597,1760000,126,14182
56,-171.22856,58.75866,-582.0147,-101.56065,127.75221,9.0,500.0,-3.3527865,-5.850144,-2.0022855,0.016200101,-1.5759063,1.7580192,-0.016200103,0.03407127,-0.004122004,-0.0052728592,0.429472,0.002058348,80.0,37656,1.0000961,0.00021749999999999997,-87.64373779296875,25.314607620239258,0.37177500656208007,1792000,129,14083
57,-171.91724,50.241795,-395.50128,-101.47571,135.04762,8.0,500.0,-3.2956681,-5.8804927,-1.9924451,0.022156479,-1.5856941,1.8460875,-0.022156479,0.031967543,-0.003996538,-0.0038182782,0.42273828,0.0020692856,80.0,37656,1.0013635,0.00021599999999999996,-87.44731903076172,25.415401458740234,0.369279989221283,1824000,131,14133
58,-173.9231,57.472126,-477.90414,-101.161644,134.13637,9.0,500.0,-3.3189876,-6.1368046,-1.9583542,0.013270769,-3.8491302,2.0467896,-0.013270768,0.039821163,-0.004508671,-0.0077049294,0.4159592,0.0022544214,80.0,37656,0.99994636,0.0002145,-87.30731964111328,25.465835571289062,0.36678501316118484,1856000,133,13899
59,-178.276,54.002373,-371.66745,-101.5594,145.97015,8.0,415.0,-3.2392523,-5.469566,-1.9440137,0.026965484,-1.638422,1.6601998,-0.026965486,0.03076911,-0.0037845932,-0.0046658088,0.40913343,0.0020496524,80.0,37656,1.001434,0.00021299999999999997,-87.13309478759766,25.547494888305664,0.3642899788615118,1888000,136,14216
60,-179.98425,55.66218,-479.50195,-101.917786,148.19171,9.0,473.0,-3.218233,-5.5983906,-1.9098252,0.022330495,-1.6905255,1.0328038,-0.022330493,0.028530201,-0.0038122283,-0.003916172,0.402261,0.0021180217,80.0,37656,1.0015709,0.0002115,-86.94377136230469,25.641557693481445,0.3617950098006402,1920000,138,13287
61,-179.82191,58.80198,-551.7396,-101.72437,147.125,9.0,473.0,-3.2120214,-6.3059196,-1.8640795,0.024501625,-1.7263381,1.6680517,-0.024501622,0.030453805,-0.0040556495,-0.0050933557,0.3953409,0.0023401077,80.0,37656,1.0023375,0.00020999999999999998,-86.77766418457031,25.730445861816406,0.3592999952524963,1952000,140,14016
62,-180.75299,62.833675,-459.3795,-100.75139,155.18716,8.0,500.0,-3.111808,-5.5776906,-1.8848119,0.02104819,-1.7904812,1.3867446,-0.021048188,0.028639559,-0.003970921,-0.003578959,0.3883726,0.002301883,80.0,37656,1.0013632,0.0002085,-86.56858825683594,25.840538024902344,0.3568050025098689,1984000,143,14020
63,-189.27531,61.216274,-566.01324,-101.42846,171.42857,9.0,500.0,-3.0588753,-5.3505692,-1.7626442,0.034133524,-1.6041305,1.4102234,-0.034133524,0.028111525,-0.0039424263,-0.00532907,0.3813555,0.002367835,80.0,37656,1.0032965,0.00020699999999999996,-86.31400299072266,26.03449821472168,0.35431001747927265,2016000,145,13950
64,-198.48291,73.71636,-447.98178,-101.600555,193.84058,9.0,500.0,-2.9731882,-4.75413,-1.703386,0.03931688,-1.6547668,1.0825576,-0.03931688,0.02506133,-0.0036513833,-0.005241186,0.37428862,0.0022109356,80.0,37656,1.0045793,0.0002055,-86.01589965820312,26.275434494018555,0.3518149895595312,2048000,147,13603
65,-195.55421,63.517624,-401.6508,-101.8179,201.18797,10.0,500.0,-2.8557105,-5.3058352,-1.5770438,0.037159555,-1.7359853,1.3936265,-0.037159555,0.029206578,-0.00404044,-0.005723743,0.3671717,0.002217881,80.0,37656,1.0021625,0.00020399999999999997,-85.6853256225586,26.562524795532227,0.34931999966136884,2080000,150,14001
66,-202.9872,64.276955,-421.82654,-102.24546,217.71774,10.0,500.0,-2.7929454,-4.9654326,-1.4941436,0.041625112,-1.5822344,1.1107799,-0.041625112,0.023125393,-0.0034384963,-0.004252605,0.36000347,0.0020626434,80.0,37656,1.0063201,0.0002025,-85.34757232666016,26.84954833984375,0.34682500764008783,2112000,152,13637
67,-193.91576,66.02713,-421.46716,-100.92089,204.33582,8.0,500.0,-2.7194772,-5.0255756,-1.4830182,0.040304653,-1.9476517,1.2535522,-0.040304653,0.02664428,-0.0039549293,-0.004916117,0.35278368,0.002295441,80.0,37656,1.0064199,0.00020099999999999995,-85.00332641601562,27.158355712890625,0.3443299798605651,2144000,154,13933
68,-201.42912,69.902084,-481.75598,-91.02657,268.4563,10.0,500.0,-2.5361044,-5.245388,-1.4580737,0.06278746,-1.6954355,0.92364335,-0.06278746,0.02655261,-0.003650186,-0.006905568,0.34551144,0.0021505957,80.0,37656,1.0076566,0.0001995,-84.54023742675781,27.70565414428711,0.3418350114074442,2176000,157,13069
69,-220.54425,80.84171,-480.37747,-101.00174,274.0495,8.0,500.0,-2.5615838,-4.4641266,-1.3145126,0.043958202,-3.634218,1.1241591,-0.043958202,0.025619045,-0.0036969145,-0.0053288415,0.3381858,0.002211599,80.0,37656,1.0059162,0.00019799999999999996,-84.1540298461914,28.072540283203125,0.33933999796320524,2208000,159,13409
70,-202.36586,76.496475,-456.0012,-95.48956,301.06668,10.0,500.0,-2.345651,-5.0896263,-1.2758341,0.06329653,-3.5205247,1.370245,-0.06329653,0.028218262,-0.0041108117,-0.0067840023,0.3308062,0.002306962,80.0,37656,1.0094838,0.00019649999999999998,-83.63663482666016,28.717777252197266,0.3368450045974396,2240000,161,13370
71,-194.33191,68.76408,-401.38925,-101.37428,309.2706,8.0,500.0,-2.1974473,-4.9230967,-1.1120005,0.0693869,-1.6300148,1.1643531,-0.0693869,0.025892168,-0.0037308186,-0.007082862,0.32337147,0.0020782172,80.0,37656,1.0083144,0.000195,-83.07489776611328,29.42936897277832,0.33434998077180506,2272000,164,14004
72,-197.70865,69.94455,-400.80695,-101.88966,359.13513,9.0,500.0,-2.0553489,-4.224134,-1.094662,0.076648645,-1.5023937,0.99822354,-0.07664865,0.022212867,-0.00330389,-0.008244832,0.3158813,0.0018908011,80.0,37656,1.0103807,0.0001935,-82.48567962646484,30.1939640045166,0.3318550021182162,2304000,166,13779
73,-178.19864,64.60138,-347.15143,-73.33493,340.475,9.0,500.0,-1.9023764,-4.2341857,-0.98434776,0.072530895,-1.8094289,1.2986693,-0.072530895,0.022126123,-0.003396846,-0.0069956155,0.30833456,0.0019154956,80.0,37656,1.01001,0.00019199999999999998,-81.86286163330078,31.017818450927734,0.32935999109229713,2336000,169,13150
74,-171.82343,67.81262,-384.01407,-67.04009,362.02777,9.0,500.0,-1.7171218,-3.9868355,-0.88343906,0.068927564,-1.5217319,0.76742786,-0.068927564,0.018514186,-0.0028988807,-0.0064659845,0.30073047,0.0018072007,80.0,37656,1.0093296,0.0001905,-81.21782684326172,31.874286651611328,0.32686499563220056,2368000,171,13744
75,-171.94077,59.32315,-369.63397,-88.651474,375.68918,9.0,500.0,-1.675291,-3.94242,-0.8499196,0.06260244,-1.8291728,0.7875425,-0.062602445,0.01716068,-0.002887024,-0.0055285776,0.29306796,0.0019533169,80.0,37656,1.009698,0.00018899999999999999,-80.5961685180664,32.63528060913086,0.3243699913090489,2400000,173,12735
76,-165.7182,59.322113,-362.6003,-82.807365,404.38235,9.0,500.0,-1.5087668,-4.001474,-0.89384425,0.07041493,-1.7009119,0.6746721,-0.07041494,0.014476674,-0.0024392558,-0.006023275,0.28534648,0.0016831476,80.0,37656,1.0111017,0.00018749999999999998,-79.93084716796875,33.50111389160156,0.3218749993626115,2432000,176,13845
77,-157.73784,57.705956,-427.11472,-76.616356,391.45947,8.0,500.0,-1.4188411,-4.2378097,-0.7832986,0.060003005,-1.9013491,0.7040874,-0.060003005,0.013596185,-0.0024732323,-0.0041186037,0.27756497,0.0017843987,80.0,37656,1.010747,0.000186,-79.27850341796875,34.305908203125,0.31938000901642877,2464000,178,13588
78,-145.47505,47.14669,-253.69699,-63.79747,431.12308,8.0,500.0,-1.2565948,-3.7200572,-0.71631,0.0645859,-1.8844829,0.74937254,-0.0645859,0.013278887,-0.0023741666,-0.00516658,0.2697222,0.0016369201,80.0,37656,1.0119776,0.00018449999999999999,-78.58272552490234,35.1978759765625,0.3168850166873543,2496000,180,13946
79,-147.87698,41.159275,-283.6054,-74.144356,466.2154,11.0,500.0,-1.1841631,-3.538632,-0.6844919,0.05487649,-1.9438987,0.5501561,-0.05487649,0.010261044,-0.0020197113,-0.0038231364,0.26181743,0.0016502381,80.0,37656,1.0103037,0.00018299999999999998,-77.90284729003906,36.013145446777344,0.3143899884524414,2528000,183,13385
80,-137.90723,41.12068,-254.35585,-75.59106,433.03125,8.0,500.0,-1.0905002,-3.1776016,-0.6498518,0.048198447,-1.8254133,0.6065151,-0.048198447,0.010402745,-0.0020627638,-0.0032392037,0.25384995,0.0016877673,80.0,37656,1.0093515,0.00018149999999999997,-77.22514343261719,36.81169509887695,0.3118950102025586,2560000,185,13810
81,-130.63344,44.11084,-283.17862,-59.478638,477.625,10.0,500.0,-0.99844635,-2.2584598,-0.60032904,0.049690735,-1.5665399,0.50066006,-0.04969073,0.00704131,-0.0016103514,-0.0029212106,0.24581812,0.0015009942,80.0,37656,1.0101254,0.00017999999999999998,-76.53665161132812,37.62179946899414,0.30939998805568575,2592000,187,13913
82,-126.37539,43.032665,-225.93497,-56.71135,460.76923,13.0,500.0,-0.9377092,-2.902086,-0.53746474,0.045614433,-1.1825409,0.4894685,-0.045614436,0.006502522,-0.0015368239,-0.002596549,0.23772143,0.0015441265,80.0,37656,1.00862,0.00017849999999999997,-75.85795593261719,38.39752960205078,0.306904985005591,2624000,190,13790
83,-123.631805,36.304962,-239.14629,-59.032772,409.85294,9.0,500.0,-0.8764217,-2.155603,-0.53034085,0.037304416,-1.8080312,0.48264936,-0.037304416,0.008966448,-0.0018041873,-0.0019553793,0.2295587,0.0017465594,80.0,37656,1.0084355,0.00017700000000000002,-75.19062805175781,39.12676239013672,0.30440999717997913,2656000,192,13627
84,-123.05682,39.925102,-227.38008,-53.472828,484.93848,9.0,500.0,-0.85060036,-2.703856,-0.5078306,0.041728165,-1.6613498,0.46974856,-0.041728165,0.0056611584,-0.0013690644,-0.002178123,0.22132874,0.0015119611,80.0,37656,1.0090687,0.00017549999999999998,-74.53206634521484,39.81974792480469,0.3019149927414861,2688000,194,13881
85,-106.74228,31.81024,-209.92046,-50.35948,436.2388,8.0,500.0,-0.7637587,-2.7156312,-0.36303055,0.04053248,-1.4354248,0.63226616,-0.04053248,0.0059113093,-0.0014957224,-0.0019463771,0.21303043,0.0015145601,80.0,37656,1.0098364,0.000174,-73.85784149169922,40.549659729003906,0.29941998469562436,2720000,197,13561
86,-106.55035,28.232233,-229.13492,-45.545742,422.0,9.0,500.0,-0.71983385,-1.7847258,-0.036996447,0.030680317,-1.6985633,0.40159595,-0.030680317,0.0074375337,-0.0015881932,-0.0014599563,0.20466281,0.0016135415,80.0,37656,1.0074196,0.00017249999999999996,-73.20599365234375,41.20966720581055,0.29692499393873417,2752000,199,13613
87,-103.820145,23.408234,-165.8136,-57.963955,420.98508,10.0,500.0,-0.6615052,-2.3792784,-0.27646583,0.030653263,-1.7187884,0.5988015,-0.030653263,0.0064364895,-0.0015193062,-0.0018754196,0.1962246,0.001526254,80.0,37656,1.0082723,0.000171,-72.5534439086914,41.863975524902344,0.29443001408819147,2784000,201,13980
88,-97.10547,25.748001,-150.91531,-43.965202,454.23438,8.0,500.0,-0.61735964,-2.097035,-0.33955613,0.028648376,-1.7226737,0.6713502,-0.028648376,0.005232814,-0.00129551,-0.0010931015,0.18771447,0.0016030406,80.0,37656,1.0080168,0.00016949999999999997,-71.90503692626953,42.500125885009766,0.29193501289612817,2816000,204,13171
89,-98.141945,26.627825,-230.11781,-53.604954,427.1077,10.0,500.0,-0.5873332,-3.3406017,-0.22809023,0.024197724,-1.6524787,0.5524712,-0.024197722,0.0057929037,-0.0014584949,-0.0009410357,0.17913125,0.0017034265,80.0,37656,1.009171,0.000168,-71.2708740234375,43.100196838378906,0.28944000266852465,2848000,206,14063
90,-93.00946,27.642002,-214.08815,-45.92915,440.06152,10.0,500.0,-0.54816836,-2.102883,-0.30260348,0.025411664,-1.511033,0.48777586,-0.025411662,0.0050664265,-0.0013894618,-0.0011835699,0.17047381,0.0016473577,80.0,37656,1.008719,0.00016649999999999995,-70.63875579833984,43.687889099121094,0.2869450044930249,2880000,209,13760
91,-88.80374,18.51975,-148.64453,-45.953484,469.40625,9.0,500.0,-0.5061935,-1.8301293,-0.2757836,0.021821382,-1.3713167,0.5319384,-0.021821383,0.0027525204,-0.0009103795,-0.0008557888,0.16174078,0.0014153784,80.0,37656,1.0063722,0.000165,-70.01480102539062,44.247894287109375,0.28445001424858274,2912000,211,13686
92,-88.786255,29.72537,-214.78452,-35.992737,417.92188,9.0,500.0,-0.4812805,-2.858141,-0.20884979,0.018626435,-1.7529236,0.8059056,-0.018626433,0.005785361,-0.0014355017,-0.0011706715,0.15293074,0.0016149625,80.0,37656,1.0068219,0.00016349999999999996,-69.40076446533203,44.78861618041992,0.2819550040084756,2944000,213,13748
93,-82.372986,24.881002,-155.33966,-35.082073,433.36923,7.0,500.0,-0.44722897,-2.1758232,-0.1473172,0.020564944,-1.7915659,0.5388183,-0.020564944,0.0042573777,-0.0012212251,-0.0010815223,0.14404237,0.0015176086,80.0,37656,1.0061978,0.000162,-68.78805541992188,45.32120895385742,0.27945999006879996,2976000,216,13890
94,-82.01014,24.180992,-142.82234,-35.95012,456.8,10.0,500.0,-0.41822666,-2.7159863,-0.09989185,0.017781429,-1.7198794,0.5631187,-0.017781429,0.0033100164,-0.0010782019,-0.0007539857,0.13507436,0.0015728044,80.0,37656,1.0080163,0.00016049999999999997,-68.18580627441406,45.826271057128906,0.2769649983543199,3008000,218,13421
95,-78.20322,19.904861,-144.75423,-44.41419,461.6875,8.0,500.0,-0.389304,-1.5846035,-0.1758819,0.01662415,-1.3099613,0.5429554,-0.016624153,0.0026134057,-0.0008816339,-0.00057419704,0.1260252,0.0014158776,80.0,37656,1.0062947,0.000159,-67.58724212646484,46.31893539428711,0.2744699988862624,3040000,220,13711
96,-83.299286,24.207863,-188.15825,-38.874565,461.78125,9.0,500.0,-0.39054826,-1.7575287,-0.12013726,0.012795366,-1.5576669,0.5007115,-0.012795366,0.0026873862,-0.0009487253,-0.00057579216,0.11689342,0.0015003998,80.0,37656,1.005281,0.00015749999999999998,-67.01051330566406,46.761295318603516,0.2719750059255665,3072000,223,13754
97,-77.1067,23.73424,-162.56952,-33.52305,469.75,9.0,500.0,-0.3684455,-1.6817172,-0.14603135,0.014450684,-1.6451128,0.45048946,-0.014450686,0.0027120477,-0.000963034,-0.0006629196,0.107677475,0.0015618025,80.0,37656,1.0067463,0.000156,-66.43416595458984,47.20267868041992,0.26948001213629597,3104000,225,13481
98,-75.21403,22.226562,-147.70457,-34.446644,469.42188,9.0,500.0,-0.3491963,-1.4077922,-0.09578857,0.013295225,-1.6712592,0.50698274,-0.013295225,0.0027458288,-0.00091876695,-0.0006594148,0.09837568,0.001592362,80.0,37656,1.0056653,0.0001545,-65.8675537109375,47.621490478515625,0.26698498996864073,3136000,227,13774
99,-76.07925,19.7066,-130.44695,-35.493095,447.40625,8.0,500.0,-0.338827,-1.7114049,-0.06359482,0.01148455,-1.7769972,0.58062,-0.01148455,0.004204125,-0.001104736,-0.0007366693,0.088986635,0.0016479308,80.0,37656,1.0058511,0.00015299999999999998,-65.31224822998047,48.01722717285156,0.26448998762702364,3168000,230,13869
100,-75.290535,27.30012,-209.4824,-26.990587,432.23077,9.0,500.0,-0.33609346,-2.3558967,-0.18633588,0.011684628,-1.465507,0.5386577,-0.011684628,0.003991739,-0.0011531152,-0.00040555236,0.07950866,0.0016887779,80.0,37656,1.0056126,0.0001515,-64.7655258178711,48.39589309692383,0.26199500105477286,3200000,232,13637
101,-74.935196,20.864664,-132.284,-28.24079,410.38028,8.0,500.0,-0.3291643,-1.47364,-0.12219441,0.010033811,-1.7023422,0.39514822,-0.010033812,0.0049820943,-0.0012257379,-0.000591391,0.06993997,0.0016961107,80.0,37656,1.0037811,0.00015,-64.22834777832031,48.75470733642578,0.2595000077268337,3232000,234,14004
102,-68.38034,19.296906,-115.24944,-35.269318,461.73438,8.0,500.0,-0.30637503,-1.6549257,-0.080592684,0.013790647,-1.5679036,0.6250806,-0.0137906475,0.0027602813,-0.00093653135,-0.0006809485,0.060278773,0.0014502679,80.0,37656,1.0061316,0.00014849999999999998,-63.69135284423828,49.113128662109375,0.25700499865343635,3264000,237,13813
103,-70.89748,20.200932,-125.65975,-36.674442,425.9394,10.0,500.0,-0.29551414,-1.5516763,-0.14428437,0.009323211,-1.5412205,0.5540085,-0.009323212,0.0033748047,-0.001035565,-0.00050168444,0.050523404,0.0016797527,80.0,37656,1.00423,0.000147,-63.169124603271484,49.44245910644531,0.2545100085945127,3296000,239,14056
104,-69.87611,20.021189,-119.20223,-37.04994,433.25757,8.0,500.0,-0.28443927,-1.7166445,-0.113958895,0.010180207,-1.5831401,0.5007344,-0.010180207,0.0034650424,-0.0010111021,-0.0004143734,0.040671825,0.0015669083,80.0,37656,1.0053875,0.00014549999999999999,-62.65234375,49.762481689453125,0.2520149942719767,3328000,241,14107
105,-69.26209,30.255543,-236.75102,-28.135452,417.3231,9.0,500.0,-0.26898032,-1.9644692,-0.0972026,0.0075475746,-1.6040292,0.46164185,-0.007547575,0.0039366973,-0.0010978689,-0.0005314659,0.030722259,0.0016691524,80.0,37656,1.0041053,0.00014399999999999998,-62.14094924926758,50.076175689697266,0.2495199874210115,3360000,244,12598
106,-66.32453,40.486553,-354.06653,-33.097748,469.48438,9.0,500.0,-0.2778332,-2.5274463,-0.09617861,0.010161265,-1.4756683,0.51041526,-0.010161264,0.0020838564,-0.0008396009,-0.0005845144,0.020672798,0.0013684802,80.0,37656,1.0045421,0.0001425,-61.642967224121094,50.365779876708984,0.24702500333171346,3392000,246,13481
107,-63.49372,21.124983,-152.31123,-30.371103,461.78125,10.0,500.0,-0.26347384,-1.3726507,-0.0782041,0.010210204,-1.6366332,0.5378259,-0.010210204,0.002769745,-0.00097288634,-0.00060879695,0.010521293,0.0015371314,80.0,37656,1.0053136,0.00014099999999999998,-61.149497985839844,50.64404296875,0.2445300130392271,3424000,249,13581
108,-69.036026,29.170113,-180.87253,-28.246994,438.82812,8.0,500.0,-0.2593232,-1.6702354,-0.1014449,0.008671791,-1.5057712,0.39764735,-0.00867179,0.003000167,-0.0009869017,-0.00068996963,0.0002655983,0.0015264913,80.0,37656,1.0038565,0.00013949999999999998,-60.66549301147461,50.90830993652344,0.2420350038509066,3456000,252,9996
109,-63.60435,21.285192,-104.77414,-30.83492,454.17188,9.0,500.0,-0.2340973,-1.4880567,-0.029804982,0.0066903443,-1.4474893,0.4332947,-0.006690345,0.002168058,-0.00081766065,-0.0005823835,-0.0100963125,0.0014441179,80.0,37656,1.0044273,0.00013799999999999997,-60.186405181884766,51.1628303527832,0.23954000774266757,3488000,254,14044
110,-61.776104,17.743574,-109.06778,-36.183437,477.4,9.0,500.0,-0.23151141,-1.4400191,-0.08896827,0.007880694,-1.5325823,0.53400826,-0.007880695,0.0019290907,-0.00073827803,-0.0004892209,-0.02056682,0.0015751615,80.0,37656,1.0045742,0.00013649999999999998,-59.71467971801758,51.40484619140625,0.23704498667431115,3520000,256,13925
111,-66.22048,23.122478,-146.0285,-32.645096,455.15625,8.0,500.0,-0.2201759,-2.633463,-0.080042705,0.0019063919,-1.7400007,0.65011334,-0.0019063919,0.002618708,-0.0008899593,-0.0005297961,-0.031147953,0.0016768719,80.0,37656,1.0007485,0.00013499999999999997,-59.25732421875,51.62372589111328,0.234550004641517,3552000,259,13731
112,-63.669735,26.1868,-197.14091,-23.342741,447.6,9.0,500.0,-0.21460196,-1.5240331,-0.07354514,0.0040876167,-1.7251043,0.5969949,-0.0040876176,0.0036781076,-0.001147005,-0.0007007881,-0.04184234,0.0017680139,80.0,37656,1.0020587,0.00013349999999999997,-58.80221939086914,51.84146499633789,0.23205500172954915,3584000,261,14077
113,-58.72076,20.109755,-103.71436,-24.552784,448.0909,10.0,500.0,-0.20457593,-1.2532349,-0.019071512,0.004007929,-1.6485872,0.5733948,-0.004007929,0.0025779414,-0.0008076068,-0.0005403757,-0.05265235,0.0015923148,80.0,37656,1.0021951,0.00013199999999999998,-58.34947204589844,52.05585861206055,0.22955999292098736,3616000,263,13664
114,-65.86101,21.556084,-112.75118,-31.587933,432.12308,8.0,500.0,-0.21808144,-1.6665223,-0.044401385,0.005502616,-1.2392633,0.49318174,-0.005502615,0.0024365955,-0.0010271254,-0.00049384066,-0.063580394,0.0017923578,80.0,37656,1.0040048,0.0001305,-57.91202163696289,52.245784759521484,0.22706501078904212,3648000,266,13902
115,-59.617172,23.25639,-155.08134,-31.685648,449.25757,10.0,500.0,-0.19576156,-1.7889159,-0.040054627,0.0031043096,-1.5523556,0.7053469,-0.003104309,0.0024675922,-0.0008800155,-0.00067368866,-0.0746293,0.001653272,80.0,37656,1.0025685,0.000129,-57.47706604003906,52.434326171875,0.22456999820972315,3680000,268,13005
116,-52.001194,19.20863,-103.131325,-25.024384,462.35385,9.0,500.0,-0.179603,-1.2456017,-0.02966746,0.004919076,-1.534488,0.43325448,-0.004919076,0.0018698678,-0.00070899003,-0.0003296039,-0.08580161,0.001431695,80.0,37656,1.0042955,0.0001275,-57.03993225097656,52.62776565551758,0.2220749994106051,3712000,270,13843
117,-59.986965,26.277687,-171.36592,-26.078289,418.93848,7.0,500.0,-0.18090677,-1.6182797,-0.08208594,0.0017333233,-1.5229915,0.42348924,-0.0017333229,0.0033095696,-0.0009948504,-0.0008874068,-0.097100146,0.001631378,80.0,37656,1.0014509,0.000126,-56.6161003112793,52.80259323120117,0.21957999823036295,3744000,273,14053
118,-60.377205,25.759508,-202.9644,-27.3725,457.66666,9.0,500.0,-0.19342698,-2.1153665,0.01799202,0.00448786,-1.3525989,0.59090024,-0.0044878596,0.0024066695,-0.0010046207,-0.00072376,-0.10852778,0.0018464935,80.0,37656,1.0036788,0.0001245,-56.20220947265625,52.9624137878418,0.2170849999824808,3776000,275,13840
119,-59.479523,21.721796,-131.14099,-21.231798,463.98462,9.0,500.0,-0.17846411,-1.3823873,-0.0220709,0.001407204,-1.7548491,0.53997934,-0.0014072044,0.0030722828,-0.0010211485,-0.0003529952,-0.12008751,0.0017922296,80.0,37656,1.0008137,0.000123,-55.79582977294922,53.1104850769043,0.21459000563005573,3808000,277,13729
120,-59.78626,22.850008,-120.64153,-25.616592,442.55383,9.0,500.0,-0.17650321,-1.0320973,-0.0752588,0.00076585275,-1.7188818,0.39187297,-0.0007658525,0.0040760944,-0.001059817,-0.00060573954,-0.13178253,0.0018491533,80.0,37656,1.0016387,0.0001215,-55.3935661315918,53.25457763671875,0.21209498773381255,3840000,280,14062
121,-51.6113,19.6173,-103.48657,-19.39438,461.75,8.0,500.0,-0.16827253,-1.0539674,-0.02276221,0.0036977765,-1.3822372,0.4240084,-0.0036977762,0.0017786478,-0.0006785856,-0.00031990337,-0.14361584,0.0015343626,80.0,37656,1.0020394,0.00011999999999999999,-54.98912811279297,53.403961181640625,0.20959999310399555,3872000,282,13614
122,-59.004425,32.930687,-276.83597,-27.369465,473.01562,11.0,500.0,-0.18500966,-2.5319293,-0.05316493,0.0026926857,-1.6335496,0.63098884,-0.0026926864,0.0022793354,-0.0008460907,-0.00050244987,-0.15559092,0.0017035102,80.0,37656,1.0023264,0.0001185,-54.60158920288086,53.5312614440918,0.20710499141287647,3904000,284,13925
123,-57.083984,21.897623,-122.55835,-27.036022,447.98462,8.0,500.0,-0.17459625,-1.231722,-0.037718065,0.0017563765,-1.4686365,0.47637358,-0.0017563766,0.002557747,-0.00084250094,-0.00043825002,-0.16771102,0.0017819514,80.0,37656,1.001193,0.000117,-54.21512985229492,53.65625762939453,0.20461000280667271,3936000,287,13196
124,-55.53214,21.020996,-103.407135,-22.796564,461.76562,8.0,500.0,-0.17104958,-1.1034594,-0.010596365,0.002016149,-1.4876819,0.3911881,-0.002016149,0.0019558864,-0.0007736581,-0.00031158724,-0.17997989,0.0017612723,80.0,37656,1.0022085,0.00011549999999999999,-53.835906982421875,53.77077102661133,0.20211499973445857,3968000,289,13364
125,-55.441936,29.726755,-188.66483,-22.080252,459.96875,8.0,500.0,-0.17774226,-1.5993602,-0.05433581,0.003650956,-1.6850357,0.41311952,-0.0036509559,0.0028056605,-0.0010376293,-0.0005188597,-0.19240116,0.0017043862,80.0,37656,1.0032367,0.00011399999999999999,-53.46431350708008,53.87896728515625,0.19962000627258156,4000000,291,13861
126,-55.909725,24.741972,-173.81696,-26.731892,455.46875,10.0,500.0,-0.17628992,-2.2851658,-0.06889302,0.0037963954,-1.5704288,0.5178651,-0.0037963933,0.002133922,-0.0008418929,-0.00047062206,-0.20497873,0.001811685,80.0,37656,1.0051912,0.0001125,-53.096435546875,53.982460021972656,0.1971250023016166,4032000,294,13925
127,-58.84483,34.463608,-225.20383,-22.400286,450.89395,10.0,500.0,-0.17608747,-2.6572797,-0.043088205,0.00076289073,-1.4696572,0.7772695,-0.000762891,0.0028107527,-0.0009843886,-0.00078302145,-0.21771644,0.0016768131,80.0,37656,1.0017825,0.00011099999999999999,-52.73892593383789,54.07431411743164,0.1946299972163167,4064000,296,14035
128,-55.26728,26.599611,-179.3256,-25.565857,447.26562,9.0,500.0,-0.17435038,-1.4967902,-0.03414183,0.0054906504,-1.5440558,0.58784187,-0.005490651,0.0023922063,-0.0009752253,-0.000584835,-0.23061843,0.0017058239,80.0,37656,1.0037017,0.00010949999999999999,-52.379966735839844,54.16903305053711,0.1921350066464794,4096000,298,13561
129,-52.670597,23.072327,-122.58114,-24.427893,457.1846,9.0,500.0,-0.16293344,-1.8577302,-0.017007947,0.003273179,-1.6115203,0.50435317,-0.0032731798,0.0034633987,-0.0010956298,-0.00091399427,-0.2436891,0.0017519181,80.0,37656,1.002269,0.00010799999999999998,-52.02510452270508,54.25984191894531,0.18964000833605357,4128000,301,13943
130,-55.72278,28.81505,-178.84587,-22.52822,459.2,10.0,500.0,-0.17360243,-2.0382874,-0.048079662,0.0024443404,-1.5678592,0.34033623,-0.002444341,0.0022624594,-0.0008850248,-0.00032590274,-0.25693312,0.0017766405,80.0,37656,1.001731,0.00010649999999999999,-51.68101501464844,54.338035583496094,0.18714499080830793,4160000,303,13667
131,-55.528038,26.489351,-138.06456,-19.06186,448.4697,7.0,500.0,-0.15659815,-1.3616118,-0.017847627,0.0005314335,-1.3484976,0.26853022,-0.000531433,0.0026271183,-0.0010109543,-0.0007234782,-0.27035472,0.0020334446,80.0,37656,1.0008442,0.00010499999999999999,-51.33869552612305,54.413978576660156,0.18464999843973373,4192000,305,13855
132,-52.01823,19.584805,-104.10609,-18.63855,462.41537,9.0,500.0,-0.15178628,-1.0405558,-0.029004939,0.002908844,-1.5636919,0.35620898,-0.0029088436,0.0025297503,-0.00088385027,-0.0005575798,-0.28395885,0.0016405402,80.0,37656,1.0031977,0.00010349999999999998,-50.997718811035156,54.48924255371094,0.18215499922464315,4224000,308,13803
133,-55.438484,24.898932,-168.81926,-29.78478,470.64062,10.0,500.0,-0.1592601,-2.031734,-0.014935568,0.0037752183,-1.1037956,0.6199012,-0.0037752185,0.0019698418,-0.0009791959,-0.0007401714,-0.29775053,0.001842773,80.0,37656,1.001338,0.00010199999999999999,-50.667503356933594,54.55183029174805,0.17965999881044067,4256000,310,13854
134,-46.400745,15.718597,-100.345024,-15.2974415,492.34375,10.0,500.0,-0.13288687,-1.1835439,-0.015356131,0.0008093718,-1.5280693,0.34289378,-0.0008093717,0.00079500105,-0.00043282617,-0.00020083686,-0.3117352,0.0014890495,80.0,37656,0.999881,0.00010049999999999998,-50.33374786376953,54.62040328979492,0.17716499774507746,4288000,313,12916
135,-53.202057,23.584866,-158.914,-20.470652,463.10938,5.0,500.0,-0.14068505,-2.0254421,-0.040016495,-0.0011274692,-1.5629058,0.3285861,0.0011274692,0.0016069522,-0.00063013146,-0.0002238034,-0.32591826,0.0016871649,80.0,37656,0.99997044,9.899999999999998e-05,-50.010223388671875,54.67776870727539,0.17466999390929466,4320000,315,13843
136,-55.38681,34.596313,-268.24594,-22.83903,473.65625,8.0,500.0,-0.15730749,-2.1910048,-0.0641887,0.0011450846,-1.38793,0.4910225,-0.0011450839,0.0018208321,-0.0008275257,-0.00078758836,-0.34030533,0.0018038168,80.0,37656,1.0009563,9.749999999999998e-05,-49.69597625732422,54.72677230834961,0.17217500544275122,4352000,317,13395
137,-53.51003,22.578133,-104.105736,-25.02478,432.13846,9.0,500.0,-0.13609421,-1.3879039,-0.043820694,-0.00080906163,-1.5539212,0.30762246,0.0008090612,0.002586402,-0.0007767719,-0.000562289,-0.35490248,0.0017405195,80.0,37656,1.0004077,9.599999999999998e-05,-49.37771224975586,54.78046798706055,0.16967999071520917,4384000,320,13823
138,-53.224762,21.034636,-111.68752,-25.729141,469.5,10.0,500.0,-0.1557031,-1.3492084,0.013495937,0.0029540425,-1.3179519,0.45910498,-0.0029540418,0.0018820867,-0.0007944498,-0.00060288305,-0.36971575,0.0016920819,80.0,37656,1.0026298,9.449999999999998e-05,-49.06820297241211,54.82372283935547,0.1671849946303627,4416000,322,13448
139,-47.584953,14.809043,-102.638306,-24.106369,484.73438,11.0,500.0,-0.15325439,-1.275304,-0.040469,0.005129737,-1.2428834,0.4418286,-0.005129737,0.001119083,-0.0005850133,-0.00043377903,-0.38475177,0.0016041049,80.0,37656,1.0045441,9.300000000000001e-05,-48.75804138183594,54.86946105957031,0.16469000754331473,4448000,324,14100
140,-56.132774,28.336452,-159.34447,-16.620789,452.95386,8.0,500.0,-0.16551194,-2.0711281,-0.052274227,0.001697721,-1.7170999,0.43485186,-0.0016977215,0.0029296938,-0.00092720013,-0.00043554464,-0.40001756,0.0018249978,80.0,37656,1.0013235,9.15e-05,-48.46115493774414,54.90260314941406,0.16219499130996928,4480000,327,13961
141,-46.929047,17.139006,-103.94293,-21.871912,484.67188,8.0,500.0,-0.15373495,-1.232459,-0.047055885,0.0054484643,-1.4589002,0.46603775,-0.0054484643,0.0011640643,-0.00058422366,-0.00030885127,-0.41551974,0.0014824832,80.0,37656,1.003022,9e-05,-48.159053802490234,54.94184112548828,0.1596999986960824,4512000,329,13934
142,-61.874493,42.703476,-299.42224,-21.391726,424.68182,8.0,500.0,-0.16489108,-2.1060677,-0.051074393,-0.0015885213,-1.6674707,0.3777322,0.0015885222,0.0039324975,-0.0011770861,-0.001223136,-0.43126607,0.002175827,80.0,37656,0.9998996,8.850000000000001e-05,-47.87352752685547,54.96683120727539,0.1572050009266209,4544000,331,14141
143,-49.694893,22.278631,-148.29396,-19.74351,488.42188,12.0,500.0,-0.14783219,-1.3986181,-0.023260258,0.0028864513,-1.7075063,0.45701325,-0.0028864518,0.0020792794,-0.0007683541,-0.0005442876,-0.4472642,0.0016227494,80.0,37656,1.0017707,8.7e-05,-47.583282470703125,54.99444580078125,0.15471000788755682,4576000,333,13927
144,-56.150066,27.191818,-145.12508,-27.505875,431.32812,9.0,500.0,-0.14709207,-1.4145178,-0.02865462,0.00052893197,-1.5511277,0.6249444,-0.0005289331,0.003171119,-0.001030373,-0.0008680241,-0.4635229,0.001671058,80.0,37656,1.0008409,8.55e-05,-47.296669006347656,55.020263671875,0.15221499611002984,4608000,336,14108
145,-51.10351,24.598654,-133.1979,-22.710121,462.57812,8.0,500.0,-0.15568012,-2.0335703,-0.06066256,0.0051838043,-1.3463278,0.4460057,-0.005183805,0.0018493746,-0.0008146203,-0.00079634273,-0.48005003,0.0015603432,80.0,37656,1.0037662,8.4e-05,-47.012149810791016,55.045127868652344,0.14972000446448497,4640000,338,13858
146,-47.914803,13.162441,-83.647095,-22.6144,500.0,500.0,500.0,-0.15020819,-1.3719052,-0.030036531,0.0058838604,-0.2918596,0.678443,-0.0058838604,0.0009515955,-0.0006054905,-0.00057615846,-0.49685475,0.0015451593,80.0,37656,1.0036016,8.25e-05,-46.73171615600586,55.06450653076172,0.14722499270890507,4672000,340,14049
147,-49.154057,27.141281,-215.54614,-21.286404,472.47693,9.0,500.0,-0.1436098,-1.6758349,-0.026262484,0.0021760145,-1.4692025,0.34150586,-0.0021760142,0.0012912534,-0.0005351977,-0.0004533869,-0.5139466,0.0013945935,80.0,37656,1.0017847,8.1e-05,-46.454811096191406,55.08384704589844,0.1447300075462838,4704000,343,14055
148,-47.660416,32.624687,-279.13422,-15.719102,487.57812,10.0,500.0,-0.14113775,-2.0839245,-0.016885042,0.002741924,-1.4953847,0.42427275,-0.0027419247,0.0010423139,-0.0005976149,-0.00041734288,-0.53133637,0.0016345326,80.0,37656,1.003041,7.95e-05,-46.181976318359375,55.100807189941406,0.1422349934292496,4736000,345,13994
149,-54.283085,26.2081,-160.49892,-19.963877,435.25757,9.0,500.0,-0.14251944,-1.5007902,-0.06512559,0.00029344743,-1.7020696,0.47370312,-0.0002934475,0.003316971,-0.00096667674,-0.00077836803,-0.54903316,0.0019354646,80.0,37656,1.0007825,7.8e-05,-45.91457748413086,55.11197280883789,0.13974000605204304,4768000,347,13620
150,-52.421345,23.314701,-173.99367,-24.810844,479.09232,11.0,500.0,-0.13947946,-1.5381669,-0.03740128,0.00082478824,-1.3678473,0.7250843,-0.000824788,0.0015614412,-0.00073448423,-0.00063318014,-0.5670491,0.0018368664,80.0,37656,1.000116,7.649999999999999e-05,-45.6522102355957,55.11741256713867,0.13724499531439174,4800000,350,14004
151,-51.27127,26.690048,-180.9373,-19.230356,464.26562,8.0,500.0,-0.13579485,-1.9120982,-0.053540334,-0.00015613432,-1.3040543,0.34541216,0.00015613466,0.0013162207,-0.00065714016,-0.0004731119,-0.58539546,0.0016796952,80.0,37656,1.0002195,7.5e-05,-45.39131546020508,55.1240348815918,0.1347500129713216,4832000,352,13603
152,-51.969795,21.936249,-103.65222,-30.164408,447.1846,8.0,500.0,-0.12833548,-1.2200509,-0.036431774,-0.0003608812,-1.5809795,0.62316346,0.00036088185,0.0022435936,-0.000779476,-0.0005215192,-0.6040849,0.0016726339,80.0,37656,1.000661,7.35e-05,-45.131961822509766,55.12875747680664,0.13225500460868164,4864000,354,14048
153,-49.05853,23.139015,-125.87709,-22.531878,471.96875,9.0,500.0,-0.12761153,-1.897223,-0.035694867,2.158916e-05,-1.7415075,0.5212652,-2.1589105e-05,0.0021186029,-0.00078400417,-0.0006002332,-0.6231303,0.0019540128,80.0,37656,1.0005882,7.199999999999999e-05,-44.877201080322266,55.13050842285156,0.12975999594514834,4896000,357,14164
154,-51.431343,24.196012,-120.68038,-17.849443,470.42188,10.0,500.0,-0.13218361,-1.3477942,-0.035688736,0.0010613442,-1.3946943,0.386618,-0.0010613438,0.0015869462,-0.00081612245,-0.00064014725,-0.64254534,0.0017033978,80.0,37656,1.0005913,7.049999999999999e-05,-44.625892639160156,55.129581451416016,0.12726498629231173,4928000,359,14000
155,-50.302082,21.895992,-138.2407,-22.196993,464.10938,11.0,500.0,-0.13175656,-3.2556622,-0.027785093,0.0007304485,-1.7241428,1.423187,-0.00073044957,0.003177587,-0.001033443,-0.000978636,-0.6623448,0.0019123578,80.0,37656,1.0018353,6.899999999999998e-05,-44.37765121459961,55.12698745727539,0.12476998822693401,4960000,361,13774
156,-51.46543,39.634556,-314.53403,-17.072239,466.66153,9.0,500.0,-0.13954794,-3.2941206,-0.04623875,0.0011184161,-1.6406305,1.2413003,-0.0011184146,0.0028102791,-0.000954741,-0.0011989311,-0.682544,0.0017850886,80.0,37656,1.0017166,6.749999999999999e-05,-44.13338088989258,55.123512268066406,0.12227500523101206,4992000,363,13907
157,-51.044525,20.856651,-137.04106,-24.141598,470.54688,8.0,500.0,-0.13278522,-0.9491833,-0.052798018,0.00075519393,-1.5765502,0.30000895,-0.0007551942,0.0019087576,-0.0007424583,-0.00064229616,-0.7031599,0.0018048082,80.0,37656,1.0008552,6.599999999999999e-05,-43.89111328125,55.116329193115234,0.11978001272704332,5024000,366,13801
158,-50.10717,27.592606,-178.12697,-19.174362,465.23438,10.0,500.0,-0.12977298,-1.7893419,-0.051346302,-0.00032537247,-1.6347816,0.3793164,0.00032537157,0.002280648,-0.0007901925,-0.000695356,-0.7242099,0.0018488158,80.0,37656,0.9990238,6.449999999999998e-05,-43.652503967285156,55.10791015625,0.11728499841622314,5056000,368,13986
159,-48.176857,23.397089,-130.63835,-16.348183,456.5625,9.0,500.0,-0.11808099,-1.1911277,-0.032660216,-0.00068800006,-1.6628988,0.65902114,0.0006880022,0.0028207828,-0.0009045108,-0.0008490563,-0.74571234,0.0017488394,80.0,37656,0.999616,6.299999999999999e-05,-43.41376495361328,55.100975036621094,0.11478999883505472,5088000,370,14085
160,-52.86766,35.51563,-216.93253,-20.73944,461.82812,10.0,500.0,-0.12691434,-1.6661745,-0.0029840171,-0.0015385364,-1.7456458,0.3882917,0.0015385346,0.0022901976,-0.0009171689,-0.0007301138,-0.76768744,0.002328879,80.0,37656,0.99912524,6.149999999999998e-05,-43.18446350097656,55.087379455566406,0.11229499824117255,5120000,373,13650
161,-51.597237,29.58405,-200.42912,-21.966131,457.8154,10.0,500.0,-0.12643866,-1.8033386,-0.0021428913,-0.0002593002,-1.1770983,0.3891163,0.00025929997,0.0013936968,-0.0007064725,-0.00061523984,-0.7901563,0.0016791006,80.0,37656,1.0007769,5.999999999999998e-05,-42.954891204833984,55.073768615722656,0.1097999985840832,5152000,375,14204
162,-47.568016,19.80121,-110.37438,-22.949116,462.14062,7.0,500.0,-0.1167063,-1.4562358,-0.024385154,0.00042941107,-1.6354518,0.8046502,-0.00042941055,0.002646204,-0.0008567986,-0.0012135457,-0.81314164,0.0016225511,80.0,37656,1.0009221,5.849999999999998e-05,-42.723602294921875,55.06184768676758,0.10730500529562245,5184000,377,13861
163,-48.37385,24.064363,-151.59526,-21.909798,472.5077,10.0,500.0,-0.12268959,-1.9121783,-0.024796225,-0.0005422403,-1.2274926,0.52429503,0.00054223964,0.0014831538,-0.0007385281,-0.0006395628,-0.8366679,0.0019068619,80.0,37656,0.9996529,5.6999999999999976e-05,-42.49811935424805,55.04579544067383,0.10480999133546844,5216000,380,14046
164,-49.353928,23.032747,-147.2611,-15.805205,471.09375,9.0,500.0,-0.12277068,-1.0995326,-0.030869476,-0.0021123097,-1.561184,0.4167248,0.0021123083,0.0018501685,-0.0007133061,-0.00066671363,-0.8607607,0.0017181082,80.0,37656,0.99858224,5.5500000000000014e-05,-42.276702880859375,55.025909423828125,0.10231498997971962,5248000,382,13684
165,-55.480534,32.447277,-172.0326,-23.971254,435.14062,9.0,500.0,-0.12828436,-2.0627413,-0.039548926,-0.0023131866,-1.719732,0.3935567,0.0023131862,0.0027277756,-0.0009551685,-0.0007828608,-0.8854483,0.0019641845,80.0,37656,0.9979192,5.400000000000001e-05,-42.06019592285156,55.00413513183594,0.09982000990089675,5280000,384,14041
166,-57.30609,40.959118,-330.30072,-19.212156,474.84616,9.0,500.0,-0.15264271,-2.250207,-0.00971216,0.0014004698,-1.1180663,0.41023314,-0.0014004697,0.0016543615,-0.00093098177,-0.0009135391,-0.9107608,0.00186436,80.0,37656,1.0015607,5.250000000000001e-05,-41.85144805908203,54.97605514526367,0.09732501047293067,5312000,387,13938
167,-49.30649,23.703844,-120.435905,-23.744375,447.73846,10.0,500.0,-0.12082739,-1.301857,-0.02981282,-0.0012713843,-1.4603875,0.33942598,0.0012713836,0.002659704,-0.0008475655,-0.0011258502,-0.93673134,0.0015990657,80.0,37656,1.0007071,5.1000000000000006e-05,-41.635276794433594,54.95480728149414,0.09482999674191603,5344000,389,13991
168,-54.52246,28.590294,-146.98705,-22.453842,454.1077,10.0,500.0,-0.13405347,-2.1560833,-0.025036313,-0.0010330777,-1.6755714,0.61106986,0.0010330788,0.003986457,-0.0012974355,-0.0009480594,-0.96339345,0.0022982084,80.0,37656,1.0014611,4.9500000000000004e-05,-41.42873764038086,54.92641067504883,0.0923349930306644,5376000,391,14116
169,-49.91642,25.943617,-131.11818,-19.123077,458.375,10.0,500.0,-0.11860234,-1.7935902,0.031042531,-0.0010505511,-1.74122,0.5666193,0.0010505528,0.0029996955,-0.0010763141,-0.0007201545,-0.99078655,0.0018506648,80.0,37656,1.0000483,4.800000000000001e-05,-41.21916198730469,54.90223693847656,0.08984000159569713,5408000,393,13696
170,-52.096153,33.80482,-248.22232,-24.67624,461.89395,9.0,500.0,-0.1302124,-2.517512,0.01328592,-0.0022590403,-1.6641701,0.6740626,0.0022590396,0.0023502186,-0.0009383408,-0.0006730223,-1.0189512,0.0020598087,80.0,37656,0.9972734,4.6500000000000005e-05,-41.01622772216797,54.87311935424805,0.08734499205743058,5440000,396,14106
171,-49.99011,24.025381,-145.06639,-23.221409,451.64615,9.0,500.0,-0.116783686,-1.3695574,-0.0028168708,-0.0028389273,-1.6844358,0.5064219,0.0028389299,0.0036015636,-0.00095461303,-0.00064324617,-1.0479318,0.0020116789,80.0,37656,0.99855304,4.5e-05,-40.810951232910156,54.845924377441406,0.08484999825035386,5472000,398,13669
172,-48.434547,24.384333,-144.18735,-16.403547,462.04688,8.0,500.0,-0.1207662,-1.3512166,0.040363535,-0.00035739804,-1.4506878,0.37863606,0.0003573967,0.0018318772,-0.0008569827,-0.00072207407,-1.0777777,0.0017688212,80.0,37656,0.9998658,4.35e-05,-40.60715103149414,54.81795120239258,0.08235500702126171,5504000,400,14017
173,-49.501392,25.937685,-155.21915,-20.949915,464.375,10.0,500.0,-0.125769,-2.0288534,-0.026960216,0.00063863193,-1.4420398,0.5771946,-0.0006386309,0.00207215,-0.0009182642,-0.0011216562,-1.1085415,0.001955255,80.0,37656,1.0004293,4.2e-05,-40.40648651123047,54.789249420166016,0.07986000414631658,5536000,403,13666
174,-50.02981,23.09816,-117.08332,-12.497486,448.65152,9.0,500.0,-0.124707304,-0.85902864,-0.0032978952,-0.00087639183,-1.5468714,0.4053639,0.00087639166,0.0030973968,-0.00090466335,-0.000981335,-1.1402824,0.0015495203,80.0,37656,1.0000324,4.05e-05,-40.20768737792969,54.75880432128906,0.0773650004779195,5568000,405,14030
175,-50.472668,39.601215,-318.3341,-22.259687,467.72308,9.0,500.0,-0.13841833,-1.9023046,-0.035370775,0.0004908905,-1.3059211,0.5313064,-0.00049089256,0.0016331162,-0.0008339812,-0.00069685566,-1.1730634,0.0018733293,80.0,37656,0.9997185,3.9e-05,-40.01433563232422,54.72698974609375,0.07487000657070499,5600000,407,13899
176,-52.0723,39.0393,-313.85156,-21.399286,460.3231,9.0,500.0,-0.14342287,-1.9040725,-0.032347098,0.0010858228,-1.5483553,0.46539924,-0.0010858241,0.0022972906,-0.0009425832,-0.0006698818,-1.2069559,0.0020512585,80.0,37656,1.0008171,3.75e-05,-39.82368087768555,54.693119049072266,0.07237500253303586,5632000,410,13950
177,-52.906322,23.623137,-149.33058,-24.385853,457.86365,9.0,500.0,-0.14466235,-2.0610304,-0.028062522,0.0017351246,-1.5348644,0.66591334,-0.0017351252,0.002984124,-0.0010732205,-0.0010198735,-1.2420369,0.0019810866,80.0,37656,1.0008485,3.5999999999999994e-05,-39.634498596191406,54.65724182128906,0.0698800069223068,5664000,412,12496
178,-49.54831,19.849115,-120.034775,-25.7776,485.64062,8.0,500.0,-0.13704962,-1.6430047,0.0059547573,0.0026570053,-1.0020894,0.5029183,-0.0026570044,0.0011574775,-0.00069065444,-0.00061058166,-1.2783946,0.0015801208,80.0,37656,1.0037777,3.449999999999999e-05,-39.44657516479492,54.61991882324219,0.0673849985661623,5696000,415,14056
179,-57.196304,33.07767,-161.56937,-20.571426,432.5303,8.0,500.0,-0.14554414,-1.5265515,-0.015115157,-0.0018085535,-1.6892529,0.5215877,0.0018085557,0.004162565,-0.0013546256,-0.0016821974,-1.3161231,0.0025256386,80.0,37656,0.99723613,3.2999999999999996e-05,-39.265899658203125,54.580535888671875,0.06489000680314891,5728000,417,13666
180,-53.265285,26.648321,-146.4808,-25.56242,443.41537,8.0,500.0,-0.12780699,-2.6136591,-0.004341334,-0.0013476026,-1.630879,0.7100331,0.0013476049,0.0029327874,-0.0011013087,-0.0012675254,-1.3553315,0.0020453401,80.0,37656,0.9991028,3.149999999999999e-05,-39.082862854003906,54.54301071166992,0.0623950048258851,5760000,419,12807
181,-49.595066,23.677763,-137.37465,-26.26769,479.23438,9.0,500.0,-0.13264666,-2.6851406,-0.033830196,0.00231894,-1.6813827,0.83465683,-0.0023189418,0.0027505462,-0.0010859419,-0.0013539973,-1.3961405,0.0017656749,80.0,37656,1.0008985,2.999999999999999e-05,-38.900726318359375,54.504669189453125,0.05990000230669938,5792000,422,11852
182,-52.64023,28.503347,-163.94678,-22.637117,449.47693,9.0,500.0,-0.12755117,-1.6651136,-0.025618196,-0.00095667853,-1.4751911,0.868063,0.0009566826,0.0026485142,-0.0009906322,-0.001337156,-1.4386853,0.0018000731,80.0,37656,0.99913484,2.8499999999999988e-05,-38.72114562988281,54.46576690673828,0.05740500320893171,5824000,425,12828
183,-51.86046,30.72828,-186.64722,-21.469406,437.75385,9.0,500.0,-0.11745626,-1.7106708,-0.0049055815,-0.0028577624,-1.7229415,0.6026546,0.0028577666,0.0032642523,-0.0010708049,-0.0011360359,-1.4831212,0.002081119,80.0,37656,0.9987264,2.699999999999999e-05,-38.54349136352539,54.42739486694336,0.0549100002316689,5856000,428,11050
184,-50.357758,21.751104,-129.21494,-22.078735,479.51562,10.0,500.0,-0.12293079,-1.8296887,0.019762844,-0.00023935479,-1.613409,0.5747209,0.00023935479,0.001892733,-0.0008322185,-0.00047286745,-1.5296239,0.0016266882,80.0,37656,1.0011375,2.5499999999999986e-05,-38.36793518066406,54.38576126098633,0.052415004477597046,5888000,430,12965
185,-50.345848,32.79646,-192.99767,-16.472946,472.78125,9.0,500.0,-0.12958337,-1.5936409,-0.012934238,-0.000665396,-1.6721059,0.5281451,0.00066539465,0.002354879,-0.0009137483,-0.0009058376,-1.5783952,0.0018191654,80.0,37656,0.9990132,2.3999999999999987e-05,-38.19468688964844,54.344669342041016,0.049920001413217084,5920000,432,13818
186,-55.66359,45.663193,-278.1121,-17.326628,456.89062,10.0,500.0,-0.13703579,-2.2110803,-0.021576151,-0.0035081673,-1.5981836,0.35494784,0.0035081652,0.003150451,-0.0011054752,-0.0015201622,-1.6296672,0.0021146908,80.0,37656,0.99717057,2.2499999999999984e-05,-38.028419494628906,54.30183410644531,0.047425003921827656,5952000,435,14101
187,-50.398235,21.220457,-126.22116,-19.72816,478.0625,11.0,500.0,-0.13329513,-1.4954015,0.044589147,4.0559396e-05,-1.3249506,0.3767907,-4.0563114e-05,0.0016865652,-0.00082742074,-0.0009266965,-1.6837107,0.0015940769,80.0,37656,1.0020432,2.0999999999999982e-05,-37.858760833740234,54.25748825073242,0.044930004744515896,5984000,437,13276
188,-51.641052,23.322472,-128.79018,-21.393997,470.6875,9.0,500.0,-0.13297886,-1.1459554,0.0057814866,-0.0003185123,-1.692878,0.6351598,0.00031851372,0.002024964,-0.0007714175,-0.00055835355,-1.7408429,0.0016399163,80.0,37656,0.9998658,1.9499999999999983e-05,-37.691253662109375,54.212284088134766,0.04243500386787682,6016000,440,12908
189,-51.65911,23.844646,-151.62706,-21.902689,463.17188,9.0,500.0,-0.12554267,-1.868188,0.0505722,-3.8885206e-05,-1.471541,0.77520555,3.8888247e-05,0.0024176012,-0.00090485014,-0.0010804393,-1.8014392,0.0016537728,80.0,37656,1.0017276,1.8000000000000014e-05,-37.523780822753906,54.168701171875,0.03993999930547052,6048000,442,13530
190,-48.586823,20.455095,-103.66065,-17.394669,477.07812,10.0,500.0,-0.12186896,-1.6270198,-0.0039378405,-0.0007739531,-1.5046972,0.45702094,0.0007739542,0.001360483,-0.00061692455,-0.00060248864,-1.8659436,0.0014546141,80.0,37656,0.9992561,1.6500000000000015e-05,-37.35752487182617,54.124210357666016,0.037445000773118436,6080000,444,12518
191,-56.49077,36.522003,-260.92807,-20.834549,453.13846,9.0,500.0,-0.13073282,-1.4784552,-0.0068031996,-0.0024269996,-1.737123,0.48053443,0.0024269987,0.0035000755,-0.0011317795,-0.0011941781,-1.9348983,0.0023440602,80.0,37656,0.99880946,1.5000000000000012e-05,-37.19773483276367,54.077598571777344,0.03495000123989559,6112000,448,10294
192,-44.74635,17.963036,-103.26217,-21.95054,492.34375,10.0,500.0,-0.11783548,-1.2419572,-0.019767538,0.0011472049,-1.4502267,0.60858583,-0.0011472049,0.0009894703,-0.00055755617,-0.0004886007,-2.0089626,0.0014334945,80.0,37656,1.0014876,1.3500000000000011e-05,-37.03267288208008,54.03417205810547,0.03245499913437623,6144000,450,13655
193,-51.24459,27.231562,-148.39342,-23.589764,455.69232,9.0,500.0,-0.1190846,-2.0566232,-0.01968491,-0.0041613495,-1.7611196,0.45198232,0.00416135,0.003926372,-0.00103844,-0.00111401,-2.088953,0.0023486824,80.0,37656,0.99927825,1.2000000000000009e-05,-36.874149322509766,53.98755645751953,0.029959999656289846,6176000,452,13089
194,-47.358078,25.602682,-161.4463,-20.318838,466.87692,8.0,500.0,-0.113513775,-1.26402,0.07212877,-0.002475169,-1.7065835,0.6670209,0.0024751679,0.0027661482,-0.000919453,-0.0010864276,-2.1759036,0.0017333396,80.0,37656,0.9990619,1.0500000000000008e-05,-36.714698791503906,53.94249725341797,0.027464997292526574,6208000,455,14187
195,-44.26279,22.964966,-175.26662,-21.652874,488.125,106.0,500.0,-0.11247158,-1.3854247,0.035659477,-0.0013593389,-1.6127865,0.39569572,0.0013593409,0.001408324,-0.0006455913,-0.00034959937,-2.2711408,0.0018215274,80.0,37656,0.9981344,9.000000000000007e-06,-36.55521011352539,53.89833450317383,0.024970000220420632,6240000,457,13777
196,-53.971806,25.672411,-130.347,-23.022963,442.0909,9.0,500.0,-0.12282605,-1.2774292,0.03711246,-0.004152794,-1.617957,0.6242493,0.0041527967,0.0033486688,-0.0009078978,-0.0014222835,-2.3764133,0.0016872964,80.0,37656,0.9980745,7.500000000000006e-06,-36.401206970214844,53.8497428894043,0.022474998986969356,6272000,459,14194
197,-53.918293,27.883385,-156.47108,-17.773983,450.1077,8.0,500.0,-0.13104592,-1.7944598,0.05374916,-0.001470721,-1.5735339,0.62636966,0.001470719,0.002993871,-0.0010744007,-0.0013314857,-2.494085,0.0017987447,80.0,37656,1.0012934,6.000000000000004e-06,-36.249420166015625,53.800628662109375,0.019980000677910507,6304000,462,14116
198,-51.554096,25.07208,-171.39757,-16.770378,479.09375,11.0,500.0,-0.13756564,-2.1391819,-0.022481427,-3.6790966e-06,-1.2657597,0.3551966,3.670517e-06,0.0013127964,-0.0006809198,-0.00072942657,-2.6274736,0.0014579927,80.0,37656,0.9995263,4.5000000000000035e-06,-36.0994987487793,53.749855041503906,0.017484998554819577,6336000,464,13221
199,-56.97358,33.365093,-200.17648,-17.464388,450.66666,7.0,500.0,-0.14175974,-1.3750248,-0.0075261295,-0.0017635338,-1.4473972,0.5695993,0.0017635332,0.0027773008,-0.0009789624,-0.0011701012,-2.7814333,0.0015431258,80.0,37656,0.9997254,3.000000000000002e-06,-35.952880859375,53.698524475097656,0.01499000336704062,6368000,466,14149
200,-55.97232,29.893549,-149.894,-23.632553,470.84375,9.0,500.0,-0.14001022,-1.4241298,0.1418476,-0.0003008893,-1.7423534,0.79200804,0.00030086067,0.0035973089,-0.00094929046,-0.00079960644,-2.9634883,0.0016181741,80.0,37656,1.0008299,1.500000000000001e-06,-35.80903244018555,53.64508056640625,0.012494999699572818,6400000,468,14110
